"IMAGES	",,CLOUDS,HOUSES,HILLS,FLOWERS,TREES,WATER ,BRIDGE,SOIL,SUN,ROCKS,,0= FALSE,1=TRUE
"./archive\0.jpg	",,1,0,1,0,0,0,0,0,0,0,,,
"./archive\1.jpg	",,1,0,1,0,1,1,1,0,0,0,,,
"./archive\2.jpg	",,0,0,1,0,1,0,0,0,0,0,,,
"./archive\3.jpg	",,0,0,1,0,1,0,0,1,0,1,,,
"./archive\4.jpg	",,1,0,0,0,0,1,1,1,0,1,,,
"./archive\5.jpg	",,1,0,0,0,0,0,0,1,0,1,,,
"./archive\6.jpg	",,0,1,1,0,0,1,0,0,0,0,,,
"./archive\7.jpg	",,1,0,1,0,0,0,0,0,0,0,,,
"./archive\8.jpg	",,1,0,1,0,0,1,0,1,0,1,,,
"./archive\9.jpg	",,1,0,1,0,1,0,0,1,0,0,,,
"./archive\10.jpg	",,0,0,1,0,1,0,0,1,0,0,,,
"./archive\11.jpg	",,1,0,0,0,0,1,0,1,0,1,,,
"./archive\12.jpg	",,1,0,1,0,0,1,0,0,0,1,,,
"./archive\13.jpg	",,0,0,0,0,1,1,0,1,0,1,,,
"./archive\14.jpg	",,1,0,1,0,1,0,0,1,1,0,,,
"./archive\15.jpg	",,1,0,1,0,1,1,0,1,0,1,,,
"./archive\16.jpg	",,1,0,1,0,1,0,0,1,0,0,,,
"./archive\17.jpg	",,1,0,1,0,0,0,0,1,0,0,,,
"./archive\18.jpg	",,0,0,0,0,0,1,0,1,0,1,,,
"./archive\19.jpg	",,0,0,1,0,1,0,0,0,0,0,,,
"./archive\20.jpg	",,1,0,1,0,0,1,0,1,1,0,,,
"./archive\21.jpg	",,1,0,1,0,0,1,0,1,1,0,,,
"./archive\22.jpg	",,0,0,0,0,1,1,0,0,0,1,,,
"./archive\23.jpg	",,0,0,1,0,0,1,0,1,0,1,,,
"./archive\24.jpg	",,1,0,1,0,0,1,0,1,1,0,,,
"./archive\25.jpg	",,1,0,1,0,0,1,0,1,1,1,,,
"./archive\26.jpg	",,0,0,1,1,0,1,0,0,1,0,,,
"./archive\27.jpg	",,0,0,1,0,1,0,0,1,1,0,,,
"./archive\28.jpg	",,1,0,1,0,0,1,0,1,1,0,,,
"./archive\29.jpg	",,1,0,1,0,0,0,0,0,0,0,,,
"./archive\30.jpg	",,0,0,1,0,0,0,0,1,0,1,,,
"./archive\31.jpg	",,1,0,0,0,0,0,1,1,0,0,,,
"./archive\32.jpg	",,0,1,1,0,0,0,0,0,0,0,,,
"./archive\33.jpg	",,1,0,1,0,1,0,0,1,0,0,,,
"./archive\34.jpg	",,1,0,1,0,1,0,0,1,0,0,,,
"./archive\35.jpg	",,1,0,1,0,0,1,0,1,0,1,,,
"./archive\36.jpg	",,1,0,1,0,1,0,0,0,0,0,,,
"./archive\37.jpg	",,0,0,1,0,0,0,0,1,0,0,,,
"./archive\38.jpg	",,1,0,0,0,0,1,0,1,0,0,,,
"./archive\39.jpg	",,1,1,1,0,1,0,0,1,0,0,,,
"./archive\40.jpg	",,0,0,0,0,0,1,0,0,0,0,,,
"./archive\41.jpg	",,1,0,1,0,0,0,0,1,1,0,,,
"./archive\42.jpg	",,1,0,0,1,0,0,0,1,0,0,,,
"./archive\43.jpg	",,1,1,1,0,1,0,0,1,0,0,,,
"./archive\44.jpg	",,1,0,0,0,0,1,1,1,1,1,,,
"./archive\45.jpg	",,1,0,0,0,0,1,1,0,1,1,,,
"./archive\46.jpg	",,0,0,0,0,0,1,0,0,0,1,,,
"./archive\47.jpg	",,1,0,1,0,0,1,0,1,1,0,,,
"./archive\48.jpg	",,0,1,0,0,0,1,0,0,0,0,,,
"./archive\49.jpg	",,1,0,1,0,1,0,0,1,0,0,,,
"./archive\50.jpg	",,1,0,1,0,0,0,0,1,0,1,,,
"./archive\51.jpg	",,1,0,0,0,0,1,0,1,1,1,,,
"./archive\52.jpg	",,0,0,0,0,0,1,0,1,1,1,,,
"./archive\53.jpg	",,0,0,1,0,1,1,0,1,0,0,,,
"./archive\54.jpg	",,1,0,1,1,1,1,0,0,0,0,,,
"./archive\55.jpg	",,1,0,1,1,1,1,0,0,0,0,,,
"./archive\56.jpg	",,1,0,1,0,0,1,0,1,0,0,,,
"./archive\57.jpg	",,0,0,1,0,0,0,0,1,1,0,,,
"./archive\58.jpg	",,1,0,1,0,0,0,0,0,0,0,,,
"./archive\59.jpg	",,0,0,0,1,1,1,0,1,0,1,,,
"./archive\60.jpg	",,1,0,0,0,0,0,0,1,0,0,,,
"./archive\61.jpg	",,1,0,1,0,0,1,0,1,0,1,,,
"./archive\62.jpg	",,1,1,1,0,1,0,0,1,0,0,,,
"./archive\63.jpg	",,1,0,1,0,1,0,0,1,0,0,,,
"./archive\64.jpg	",,1,1,0,0,0,1,0,1,0,1,,,
"./archive\65.jpg	",,0,0,1,0,1,1,1,1,1,0,,,
"./archive\66.jpg	",,0,0,1,0,1,1,0,1,0,0,,,
"./archive\67.jpg	",,1,0,1,0,0,1,0,1,0,1,,,
"./archive\68.jpg	",,1,0,1,0,0,1,0,1,0,0,,,
"./archive\69.jpg	",,1,1,1,0,1,0,0,1,0,1,,,
"./archive\70.jpg	",,0,0,0,0,1,0,0,1,0,0,,,
"./archive\71.jpg	",,1,0,1,0,0,1,0,1,0,1,,,
"./archive\72.jpg	",,1,0,0,0,0,1,0,0,1,0,,,
"./archive\73.jpg	",,0,0,0,0,1,0,0,1,0,0,,,
"./archive\74.jpg	",,1,0,1,1,1,1,0,1,0,0,,,
"./archive\75.jpg	",,1,0,0,0,0,1,0,1,1,0,,,
"./archive\76.jpg	",,0,0,1,0,0,0,0,1,0,1,,,
"./archive\77.jpg	",,1,0,1,0,0,1,0,1,0,1,,,
"./archive\78.jpg	",,1,0,1,0,0,1,0,1,0,1,,,
"./archive\79.jpg	",,1,1,1,0,1,0,0,1,0,0,,,
"./archive\80.jpg	",,0,0,0,0,1,1,0,1,0,1,,,
"./archive\81.jpg	",,1,0,0,0,0,1,0,1,1,1,,,
"./archive\82.jpg	",,1,1,1,0,0,1,0,0,0,0,,,
"./archive\83.jpg	",,1,0,1,0,0,1,0,1,0,1,,,
"./archive\84.jpg	",,0,0,0,0,0,0,0,1,0,0,,,
"./archive\85.jpg	",,1,0,1,0,0,1,0,1,1,1,,,
"./archive\86.jpg	",,1,1,1,0,1,0,0,1,0,0,,,
"./archive\87.jpg	",,1,0,1,0,1,1,0,1,0,0,,,
"./archive\88.jpg	",,1,0,1,0,0,0,0,1,0,0,,,
"./archive\89.jpg	",,1,0,1,0,1,1,0,0,0,0,,,
"./archive\90.jpg	",,1,0,1,0,0,1,0,1,0,0,,,
"./archive\91.jpg	",,1,0,1,0,0,0,0,1,0,0,,,
"./archive\92.jpg	",,0,0,0,0,0,1,0,1,0,1,,,
"./archive\93.jpg	",,1,0,0,0,1,1,0,1,0,0,,,
"./archive\94.jpg	",,1,1,0,1,1,1,0,0,0,0,,,
"./archive\95.jpg	",,1,0,1,0,1,1,0,1,0,1,,,
"./archive\96.jpg	",,1,0,1,0,1,1,0,0,0,0,,,
"./archive\97.jpg	",,0,1,1,0,1,0,0,1,0,1,,,
"./archive\98.jpg	",,1,0,1,0,0,0,0,1,0,1,,,
"./archive\99.jpg	",,0,0,0,0,0,1,0,1,0,1,,,
"./archive\100.jpg	",,0,0,1,0,0,1,0,0,0,1,,,
"./archive\101.jpg	",,1,0,1,0,0,0,0,1,0,0,,,
"./archive\102.jpg	",,1,0,1,0,0,1,0,1,0,1,,,
"./archive\103.jpg	",,1,0,1,0,1,1,0,0,0,1,,,
"./archive\104.jpg	",,0,0,1,0,1,1,0,1,0,0,,,
"./archive\105.jpg	",,1,0,1,0,0,1,0,1,0,0,,,
"./archive\106.jpg	",,0,0,1,0,0,1,0,1,0,0,,,
"./archive\107.jpg	",,1,0,1,0,0,1,0,0,0,1,,,
"./archive\108.jpg	",,1,0,1,1,0,0,0,1,0,0,,,
"./archive\109.jpg	",,1,0,0,0,0,0,0,1,0,0,,,
"./archive\110.jpg	",,1,0,1,0,0,1,0,1,0,0,,,
"./archive\111.jpg	",,1,0,1,0,1,0,0,1,0,1,,,
"./archive\112.jpg	",,0,0,1,0,0,0,0,1,1,0,,,
"./archive\113.jpg	",,0,0,0,0,0,1,0,1,0,1,,,
"./archive\114.jpg	",,1,1,0,0,1,1,0,1,0,1,,,
"./archive\115.jpg	",,1,0,1,0,1,1,0,1,0,0,,,
"./archive\116.jpg	",,1,0,1,0,0,0,0,1,0,0,,,
"./archive\117.jpg	",,1,0,1,0,0,1,0,1,0,0,,,
"./archive\118.jpg	",,1,0,1,0,1,1,0,1,0,0,,,
"./archive\119.jpg	",,1,0,1,0,1,0,0,1,0,0,,,
"./archive\120.jpg	",,1,0,0,0,0,1,0,1,1,0,,,
"./archive\121.jpg	",,1,1,1,0,1,0,0,1,0,0,,,
"./archive\122.jpg	",,0,0,0,0,0,1,0,1,0,0,,,
"./archive\123.jpg	",,1,0,0,0,1,0,0,1,0,0,,,
"./archive\124.jpg	",,1,1,0,0,0,0,0,1,0,0,,,
"./archive\125.jpg	",,0,1,1,0,1,0,0,1,0,0,,,
"./archive\126.jpg	",,1,0,1,0,0,0,0,1,0,0,,,
"./archive\127.jpg	",,1,0,0,0,0,1,0,1,0,0,,,
"./archive\128.jpg	",,1,1,0,1,1,1,0,0,1,0,,,
"./archive\129.jpg	",,1,0,1,0,0,0,0,0,0,0,,,
./archive\130.jpg,,,,,,,,,,,,,,
./archive\131.jpg,,,,,,,,,,,,,,
./archive\132.jpg,,,,,,,,,,,,,,
./archive\133.jpg,,,,,,,,,,,,,,
./archive\134.jpg,,,,,,,,,,,,,,
./archive\135.jpg,,,,,,,,,,,,,,
./archive\136.jpg,,,,,,,,,,,,,,
./archive\137.jpg,,,,,,,,,,,,,,
./archive\138.jpg,,,,,,,,,,,,,,
./archive\139.jpg,,,,,,,,,,,,,,
./archive\140.jpg,,,,,,,,,,,,,,
./archive\141.jpg,,,,,,,,,,,,,,
./archive\142.jpg,,,,,,,,,,,,,,
./archive\143.jpg,,,,,,,,,,,,,,
./archive\144.jpg,,,,,,,,,,,,,,
./archive\145.jpg,,,,,,,,,,,,,,
./archive\146.jpg,,,,,,,,,,,,,,
./archive\147.jpg,,,,,,,,,,,,,,
./archive\148.jpg,,,,,,,,,,,,,,
./archive\149.jpg,,,,,,,,,,,,,,
./archive\150.jpg,,,,,,,,,,,,,,
./archive\151.jpg,,,,,,,,,,,,,,
./archive\152.jpg,,,,,,,,,,,,,,
./archive\153.jpg,,,,,,,,,,,,,,
./archive\154.jpg,,,,,,,,,,,,,,
./archive\155.jpg,,,,,,,,,,,,,,
./archive\156.jpg,,,,,,,,,,,,,,
./archive\157.jpg,,,,,,,,,,,,,,
./archive\158.jpg,,,,,,,,,,,,,,
./archive\159.jpg,,,,,,,,,,,,,,
./archive\160.jpg,,,,,,,,,,,,,,
./archive\161.jpg,,,,,,,,,,,,,,
./archive\162.jpg,,,,,,,,,,,,,,
./archive\163.jpg,,,,,,,,,,,,,,
./archive\164.jpg,,,,,,,,,,,,,,
./archive\165.jpg,,,,,,,,,,,,,,
./archive\166.jpg,,,,,,,,,,,,,,
./archive\167.jpg,,,,,,,,,,,,,,
./archive\168.jpg,,,,,,,,,,,,,,
./archive\169.jpg,,,,,,,,,,,,,,
./archive\170.jpg,,,,,,,,,,,,,,
./archive\171.jpg,,,,,,,,,,,,,,
./archive\172.jpg,,,,,,,,,,,,,,
./archive\173.jpg,,,,,,,,,,,,,,
./archive\174.jpg,,,,,,,,,,,,,,
./archive\175.jpg,,,,,,,,,,,,,,
./archive\176.jpg,,,,,,,,,,,,,,
./archive\177.jpg,,,,,,,,,,,,,,
./archive\178.jpg,,,,,,,,,,,,,,
./archive\179.jpg,,,,,,,,,,,,,,
./archive\180.jpg,,,,,,,,,,,,,,
./archive\181.jpg,,,,,,,,,,,,,,
./archive\182.jpg,,,,,,,,,,,,,,
./archive\183.jpg,,,,,,,,,,,,,,
./archive\184.jpg,,,,,,,,,,,,,,
./archive\185.jpg,,,,,,,,,,,,,,
./archive\186.jpg,,,,,,,,,,,,,,
./archive\187.jpg,,,,,,,,,,,,,,
./archive\188.jpg,,,,,,,,,,,,,,
./archive\189.jpg,,,,,,,,,,,,,,
./archive\190.jpg,,,,,,,,,,,,,,
./archive\191.jpg,,,,,,,,,,,,,,
./archive\192.jpg,,,,,,,,,,,,,,
./archive\193.jpg,,,,,,,,,,,,,,
./archive\194.jpg,,,,,,,,,,,,,,
./archive\195.jpg,,,,,,,,,,,,,,
./archive\196.jpg,,,,,,,,,,,,,,
./archive\197.jpg,,,,,,,,,,,,,,
./archive\198.jpg,,,,,,,,,,,,,,
./archive\199.jpg,,,,,,,,,,,,,,
./archive\200.jpg,,,,,,,,,,,,,,
./archive\201.jpg,,,,,,,,,,,,,,
./archive\202.jpg,,,,,,,,,,,,,,
./archive\203.jpg,,,,,,,,,,,,,,
./archive\204.jpg,,,,,,,,,,,,,,
./archive\205.jpg,,,,,,,,,,,,,,
./archive\206.jpg,,,,,,,,,,,,,,
./archive\207.jpg,,,,,,,,,,,,,,
./archive\208.jpg,,,,,,,,,,,,,,
./archive\209.jpg,,,,,,,,,,,,,,
./archive\210.jpg,,,,,,,,,,,,,,
./archive\211.jpg,,,,,,,,,,,,,,
./archive\212.jpg,,,,,,,,,,,,,,
./archive\213.jpg,,,,,,,,,,,,,,
./archive\214.jpg,,,,,,,,,,,,,,
./archive\215.jpg,,,,,,,,,,,,,,
./archive\216.jpg,,,,,,,,,,,,,,
./archive\217.jpg,,,,,,,,,,,,,,
./archive\218.jpg,,,,,,,,,,,,,,
./archive\219.jpg,,,,,,,,,,,,,,
./archive\220.jpg,,,,,,,,,,,,,,
./archive\221.jpg,,,,,,,,,,,,,,
./archive\222.jpg,,,,,,,,,,,,,,
./archive\223.jpg,,,,,,,,,,,,,,
./archive\224.jpg,,,,,,,,,,,,,,
./archive\225.jpg,,,,,,,,,,,,,,
./archive\226.jpg,,,,,,,,,,,,,,
./archive\227.jpg,,,,,,,,,,,,,,
./archive\228.jpg,,,,,,,,,,,,,,
./archive\229.jpg,,,,,,,,,,,,,,
./archive\230.jpg,,,,,,,,,,,,,,
./archive\231.jpg,,,,,,,,,,,,,,
./archive\232.jpg,,,,,,,,,,,,,,
./archive\233.jpg,,,,,,,,,,,,,,
./archive\234.jpg,,,,,,,,,,,,,,
./archive\235.jpg,,,,,,,,,,,,,,
./archive\236.jpg,,,,,,,,,,,,,,
./archive\237.jpg,,,,,,,,,,,,,,
./archive\238.jpg,,,,,,,,,,,,,,
./archive\239.jpg,,,,,,,,,,,,,,
./archive\240.jpg,,,,,,,,,,,,,,
./archive\241.jpg,,,,,,,,,,,,,,
./archive\242.jpg,,,,,,,,,,,,,,
./archive\243.jpg,,,,,,,,,,,,,,
./archive\244.jpg,,,,,,,,,,,,,,
./archive\245.jpg,,,,,,,,,,,,,,
./archive\246.jpg,,,,,,,,,,,,,,
./archive\247.jpg,,,,,,,,,,,,,,
./archive\248.jpg,,,,,,,,,,,,,,
./archive\249.jpg,,,,,,,,,,,,,,
./archive\250.jpg,,,,,,,,,,,,,,
./archive\251.jpg,,,,,,,,,,,,,,
./archive\252.jpg,,,,,,,,,,,,,,
./archive\253.jpg,,,,,,,,,,,,,,
./archive\254.jpg,,,,,,,,,,,,,,
./archive\255.jpg,,,,,,,,,,,,,,
./archive\256.jpg,,,,,,,,,,,,,,
./archive\257.jpg,,,,,,,,,,,,,,
./archive\258.jpg,,,,,,,,,,,,,,
./archive\259.jpg,,,,,,,,,,,,,,
./archive\260.jpg,,,,,,,,,,,,,,
./archive\261.jpg,,,,,,,,,,,,,,
./archive\262.jpg,,,,,,,,,,,,,,
./archive\263.jpg,,,,,,,,,,,,,,
./archive\264.jpg,,,,,,,,,,,,,,
./archive\265.jpg,,,,,,,,,,,,,,
./archive\266.jpg,,,,,,,,,,,,,,
./archive\267.jpg,,,,,,,,,,,,,,
./archive\268.jpg,,,,,,,,,,,,,,
./archive\269.jpg,,,,,,,,,,,,,,
./archive\270.jpg,,,,,,,,,,,,,,
./archive\271.jpg,,,,,,,,,,,,,,
./archive\272.jpg,,,,,,,,,,,,,,
./archive\273.jpg,,,,,,,,,,,,,,
./archive\274.jpg,,,,,,,,,,,,,,
./archive\275.jpg,,,,,,,,,,,,,,
./archive\276.jpg,,,,,,,,,,,,,,
./archive\277.jpg,,,,,,,,,,,,,,
./archive\278.jpg,,,,,,,,,,,,,,
./archive\279.jpg,,,,,,,,,,,,,,
./archive\280.jpg,,,,,,,,,,,,,,
./archive\281.jpg,,,,,,,,,,,,,,
./archive\282.jpg,,,,,,,,,,,,,,
./archive\283.jpg,,,,,,,,,,,,,,
./archive\284.jpg,,,,,,,,,,,,,,
./archive\285.jpg,,,,,,,,,,,,,,
./archive\286.jpg,,,,,,,,,,,,,,
./archive\287.jpg,,,,,,,,,,,,,,
./archive\288.jpg,,,,,,,,,,,,,,
./archive\289.jpg,,,,,,,,,,,,,,
./archive\290.jpg,,,,,,,,,,,,,,
./archive\291.jpg,,,,,,,,,,,,,,
./archive\292.jpg,,,,,,,,,,,,,,
./archive\293.jpg,,,,,,,,,,,,,,
./archive\294.jpg,,,,,,,,,,,,,,
./archive\295.jpg,,,,,,,,,,,,,,
./archive\296.jpg,,,,,,,,,,,,,,
./archive\297.jpg,,,,,,,,,,,,,,
./archive\298.jpg,,,,,,,,,,,,,,
./archive\299.jpg,,,,,,,,,,,,,,
./archive\300.jpg,,,,,,,,,,,,,,
./archive\301.jpg,,,,,,,,,,,,,,
./archive\302.jpg,,,,,,,,,,,,,,
./archive\303.jpg,,,,,,,,,,,,,,
./archive\304.jpg,,,,,,,,,,,,,,
./archive\305.jpg,,,,,,,,,,,,,,
./archive\306.jpg,,,,,,,,,,,,,,
./archive\307.jpg,,,,,,,,,,,,,,
./archive\308.jpg,,,,,,,,,,,,,,
./archive\309.jpg,,,,,,,,,,,,,,
./archive\310.jpg,,,,,,,,,,,,,,
./archive\311.jpg,,,,,,,,,,,,,,
./archive\312.jpg,,,,,,,,,,,,,,
./archive\313.jpg,,,,,,,,,,,,,,
./archive\314.jpg,,,,,,,,,,,,,,
./archive\315.jpg,,,,,,,,,,,,,,
./archive\316.jpg,,,,,,,,,,,,,,
./archive\317.jpg,,,,,,,,,,,,,,
./archive\318.jpg,,,,,,,,,,,,,,
./archive\319.jpg,,,,,,,,,,,,,,
./archive\320.jpg,,,,,,,,,,,,,,
./archive\321.jpg,,,,,,,,,,,,,,
./archive\322.jpg,,,,,,,,,,,,,,
./archive\323.jpg,,,,,,,,,,,,,,
./archive\324.jpg,,,,,,,,,,,,,,
./archive\325.jpg,,,,,,,,,,,,,,
./archive\326.jpg,,,,,,,,,,,,,,
./archive\327.jpg,,,,,,,,,,,,,,
./archive\328.jpg,,,,,,,,,,,,,,
./archive\329.jpg,,,,,,,,,,,,,,
./archive\330.jpg,,,,,,,,,,,,,,
./archive\331.jpg,,,,,,,,,,,,,,
./archive\332.jpg,,,,,,,,,,,,,,
./archive\333.jpg,,,,,,,,,,,,,,
./archive\334.jpg,,,,,,,,,,,,,,
./archive\335.jpg,,,,,,,,,,,,,,
./archive\336.jpg,,,,,,,,,,,,,,
./archive\337.jpg,,,,,,,,,,,,,,
./archive\338.jpg,,,,,,,,,,,,,,
./archive\339.jpg,,,,,,,,,,,,,,
./archive\340.jpg,,,,,,,,,,,,,,
./archive\341.jpg,,,,,,,,,,,,,,
./archive\342.jpg,,,,,,,,,,,,,,
./archive\343.jpg,,,,,,,,,,,,,,
./archive\344.jpg,,,,,,,,,,,,,,
./archive\345.jpg,,,,,,,,,,,,,,
./archive\346.jpg,,,,,,,,,,,,,,
./archive\347.jpg,,,,,,,,,,,,,,
./archive\348.jpg,,,,,,,,,,,,,,
./archive\349.jpg,,,,,,,,,,,,,,
./archive\350.jpg,,,,,,,,,,,,,,
./archive\351.jpg,,,,,,,,,,,,,,
./archive\352.jpg,,,,,,,,,,,,,,
./archive\353.jpg,,,,,,,,,,,,,,
./archive\354.jpg,,,,,,,,,,,,,,
./archive\355.jpg,,,,,,,,,,,,,,
./archive\356.jpg,,,,,,,,,,,,,,
./archive\357.jpg,,,,,,,,,,,,,,
./archive\358.jpg,,,,,,,,,,,,,,
./archive\359.jpg,,,,,,,,,,,,,,
./archive\360.jpg,,,,,,,,,,,,,,
./archive\361.jpg,,,,,,,,,,,,,,
./archive\362.jpg,,,,,,,,,,,,,,
./archive\363.jpg,,,,,,,,,,,,,,
./archive\364.jpg,,,,,,,,,,,,,,
./archive\365.jpg,,,,,,,,,,,,,,
./archive\366.jpg,,,,,,,,,,,,,,
./archive\367.jpg,,,,,,,,,,,,,,
./archive\368.jpg,,,,,,,,,,,,,,
./archive\369.jpg,,,,,,,,,,,,,,
./archive\370.jpg,,,,,,,,,,,,,,
./archive\371.jpg,,,,,,,,,,,,,,
./archive\372.jpg,,,,,,,,,,,,,,
./archive\373.jpg,,,,,,,,,,,,,,
./archive\374.jpg,,,,,,,,,,,,,,
./archive\375.jpg,,,,,,,,,,,,,,
./archive\376.jpg,,,,,,,,,,,,,,
./archive\377.jpg,,,,,,,,,,,,,,
./archive\378.jpg,,,,,,,,,,,,,,
./archive\379.jpg,,,,,,,,,,,,,,
./archive\380.jpg,,,,,,,,,,,,,,
./archive\381.jpg,,,,,,,,,,,,,,
./archive\382.jpg,,,,,,,,,,,,,,
./archive\383.jpg,,,,,,,,,,,,,,
./archive\384.jpg,,,,,,,,,,,,,,
./archive\385.jpg,,,,,,,,,,,,,,
./archive\386.jpg,,,,,,,,,,,,,,
./archive\387.jpg,,,,,,,,,,,,,,
./archive\388.jpg,,,,,,,,,,,,,,
./archive\389.jpg,,,,,,,,,,,,,,
./archive\390.jpg,,,,,,,,,,,,,,
./archive\391.jpg,,,,,,,,,,,,,,
./archive\392.jpg,,,,,,,,,,,,,,
./archive\393.jpg,,,,,,,,,,,,,,
./archive\394.jpg,,,,,,,,,,,,,,
./archive\395.jpg,,,,,,,,,,,,,,
./archive\396.jpg,,,,,,,,,,,,,,
./archive\397.jpg,,,,,,,,,,,,,,
./archive\398.jpg,,,,,,,,,,,,,,
./archive\399.jpg,,,,,,,,,,,,,,
./archive\400.jpg,,,,,,,,,,,,,,
./archive\401.jpg,,,,,,,,,,,,,,
./archive\402.jpg,,,,,,,,,,,,,,
./archive\403.jpg,,,,,,,,,,,,,,
./archive\404.jpg,,,,,,,,,,,,,,
./archive\405.jpg,,,,,,,,,,,,,,
./archive\406.jpg,,,,,,,,,,,,,,
./archive\407.jpg,,,,,,,,,,,,,,
./archive\408.jpg,,,,,,,,,,,,,,
./archive\409.jpg,,,,,,,,,,,,,,
./archive\410.jpg,,,,,,,,,,,,,,
./archive\411.jpg,,,,,,,,,,,,,,
./archive\412.jpg,,,,,,,,,,,,,,
./archive\413.jpg,,,,,,,,,,,,,,
./archive\414.jpg,,,,,,,,,,,,,,
./archive\415.jpg,,,,,,,,,,,,,,
./archive\416.jpg,,,,,,,,,,,,,,
./archive\417.jpg,,,,,,,,,,,,,,
./archive\418.jpg,,,,,,,,,,,,,,
./archive\419.jpg,,,,,,,,,,,,,,
./archive\420.jpg,,,,,,,,,,,,,,
./archive\421.jpg,,,,,,,,,,,,,,
./archive\422.jpg,,,,,,,,,,,,,,
./archive\423.jpg,,,,,,,,,,,,,,
./archive\424.jpg,,,,,,,,,,,,,,
./archive\425.jpg,,,,,,,,,,,,,,
./archive\426.jpg,,,,,,,,,,,,,,
./archive\427.jpg,,,,,,,,,,,,,,
./archive\428.jpg,,,,,,,,,,,,,,
./archive\429.jpg,,,,,,,,,,,,,,
./archive\430.jpg,,,,,,,,,,,,,,
./archive\431.jpg,,,,,,,,,,,,,,
./archive\432.jpg,,,,,,,,,,,,,,
./archive\433.jpg,,,,,,,,,,,,,,
./archive\434.jpg,,,,,,,,,,,,,,
./archive\435.jpg,,,,,,,,,,,,,,
./archive\436.jpg,,,,,,,,,,,,,,
./archive\437.jpg,,,,,,,,,,,,,,
./archive\438.jpg,,,,,,,,,,,,,,
./archive\439.jpg,,,,,,,,,,,,,,
./archive\440.jpg,,,,,,,,,,,,,,
./archive\441.jpg,,,,,,,,,,,,,,
./archive\442.jpg,,,,,,,,,,,,,,
./archive\443.jpg,,,,,,,,,,,,,,
./archive\444.jpg,,,,,,,,,,,,,,
./archive\445.jpg,,,,,,,,,,,,,,
./archive\446.jpg,,,,,,,,,,,,,,
./archive\447.jpg,,,,,,,,,,,,,,
./archive\448.jpg,,,,,,,,,,,,,,
./archive\449.jpg,,,,,,,,,,,,,,
./archive\450.jpg,,,,,,,,,,,,,,
./archive\451.jpg,,,,,,,,,,,,,,
./archive\452.jpg,,,,,,,,,,,,,,
./archive\453.jpg,,,,,,,,,,,,,,
./archive\454.jpg,,,,,,,,,,,,,,
./archive\455.jpg,,,,,,,,,,,,,,
./archive\456.jpg,,,,,,,,,,,,,,
./archive\457.jpg,,,,,,,,,,,,,,
./archive\458.jpg,,,,,,,,,,,,,,
./archive\459.jpg,,,,,,,,,,,,,,
./archive\460.jpg,,,,,,,,,,,,,,
./archive\461.jpg,,,,,,,,,,,,,,
./archive\462.jpg,,,,,,,,,,,,,,
./archive\463.jpg,,,,,,,,,,,,,,
./archive\464.jpg,,,,,,,,,,,,,,
./archive\465.jpg,,,,,,,,,,,,,,
./archive\466.jpg,,,,,,,,,,,,,,
./archive\467.jpg,,,,,,,,,,,,,,
./archive\468.jpg,,,,,,,,,,,,,,
./archive\469.jpg,,,,,,,,,,,,,,
./archive\470.jpg,,,,,,,,,,,,,,
./archive\471.jpg,,,,,,,,,,,,,,
./archive\472.jpg,,,,,,,,,,,,,,
./archive\473.jpg,,,,,,,,,,,,,,
./archive\474.jpg,,,,,,,,,,,,,,
./archive\475.jpg,,,,,,,,,,,,,,
./archive\476.jpg,,,,,,,,,,,,,,
./archive\477.jpg,,,,,,,,,,,,,,
./archive\478.jpg,,,,,,,,,,,,,,
./archive\479.jpg,,,,,,,,,,,,,,
./archive\480.jpg,,,,,,,,,,,,,,
./archive\481.jpg,,,,,,,,,,,,,,
./archive\482.jpg,,,,,,,,,,,,,,
./archive\483.jpg,,,,,,,,,,,,,,
./archive\484.jpg,,,,,,,,,,,,,,
./archive\485.jpg,,,,,,,,,,,,,,
./archive\486.jpg,,,,,,,,,,,,,,
./archive\487.jpg,,,,,,,,,,,,,,
./archive\488.jpg,,,,,,,,,,,,,,
./archive\489.jpg,,,,,,,,,,,,,,
./archive\490.jpg,,,,,,,,,,,,,,
./archive\491.jpg,,,,,,,,,,,,,,
./archive\492.jpg,,,,,,,,,,,,,,
./archive\493.jpg,,,,,,,,,,,,,,
./archive\494.jpg,,,,,,,,,,,,,,
./archive\495.jpg,,,,,,,,,,,,,,
./archive\496.jpg,,,,,,,,,,,,,,
./archive\497.jpg,,,,,,,,,,,,,,
./archive\498.jpg,,,,,,,,,,,,,,
./archive\499.jpg,,,,,,,,,,,,,,
./archive\500.jpg,,,,,,,,,,,,,,
./archive\501.jpg,,,,,,,,,,,,,,
./archive\502.jpg,,,,,,,,,,,,,,
./archive\503.jpg,,,,,,,,,,,,,,
./archive\504.jpg,,,,,,,,,,,,,,
./archive\505.jpg,,,,,,,,,,,,,,
./archive\506.jpg,,,,,,,,,,,,,,
./archive\507.jpg,,,,,,,,,,,,,,
./archive\508.jpg,,,,,,,,,,,,,,
./archive\509.jpg,,,,,,,,,,,,,,
./archive\510.jpg,,,,,,,,,,,,,,
./archive\511.jpg,,,,,,,,,,,,,,
./archive\512.jpg,,,,,,,,,,,,,,
./archive\513.jpg,,,,,,,,,,,,,,
./archive\514.jpg,,,,,,,,,,,,,,
./archive\515.jpg,,,,,,,,,,,,,,
./archive\516.jpg,,,,,,,,,,,,,,
./archive\517.jpg,,,,,,,,,,,,,,
./archive\518.jpg,,,,,,,,,,,,,,
./archive\519.jpg,,,,,,,,,,,,,,
./archive\520.jpg,,,,,,,,,,,,,,
./archive\521.jpg,,,,,,,,,,,,,,
./archive\522.jpg,,,,,,,,,,,,,,
./archive\523.jpg,,,,,,,,,,,,,,
./archive\524.jpg,,,,,,,,,,,,,,
./archive\525.jpg,,,,,,,,,,,,,,
./archive\526.jpg,,,,,,,,,,,,,,
./archive\527.jpg,,,,,,,,,,,,,,
./archive\528.jpg,,,,,,,,,,,,,,
./archive\529.jpg,,,,,,,,,,,,,,
./archive\530.jpg,,,,,,,,,,,,,,
./archive\531.jpg,,,,,,,,,,,,,,
./archive\532.jpg,,,,,,,,,,,,,,
./archive\533.jpg,,,,,,,,,,,,,,
./archive\534.jpg,,,,,,,,,,,,,,
./archive\535.jpg,,,,,,,,,,,,,,
./archive\536.jpg,,,,,,,,,,,,,,
./archive\537.jpg,,,,,,,,,,,,,,
./archive\538.jpg,,,,,,,,,,,,,,
./archive\539.jpg,,,,,,,,,,,,,,
./archive\540.jpg,,,,,,,,,,,,,,
./archive\541.jpg,,,,,,,,,,,,,,
./archive\542.jpg,,,,,,,,,,,,,,
./archive\543.jpg,,,,,,,,,,,,,,
./archive\544.jpg,,,,,,,,,,,,,,
./archive\545.jpg,,,,,,,,,,,,,,
./archive\546.jpg,,,,,,,,,,,,,,
./archive\547.jpg,,,,,,,,,,,,,,
./archive\548.jpg,,,,,,,,,,,,,,
./archive\549.jpg,,,,,,,,,,,,,,
./archive\550.jpg,,,,,,,,,,,,,,
./archive\551.jpg,,,,,,,,,,,,,,
./archive\552.jpg,,,,,,,,,,,,,,
./archive\553.jpg,,,,,,,,,,,,,,
./archive\554.jpg,,,,,,,,,,,,,,
./archive\555.jpg,,,,,,,,,,,,,,
./archive\556.jpg,,,,,,,,,,,,,,
./archive\557.jpg,,,,,,,,,,,,,,
./archive\558.jpg,,,,,,,,,,,,,,
./archive\559.jpg,,,,,,,,,,,,,,
./archive\560.jpg,,,,,,,,,,,,,,
./archive\561.jpg,,,,,,,,,,,,,,
./archive\562.jpg,,,,,,,,,,,,,,
./archive\563.jpg,,,,,,,,,,,,,,
./archive\564.jpg,,,,,,,,,,,,,,
./archive\565.jpg,,,,,,,,,,,,,,
./archive\566.jpg,,,,,,,,,,,,,,
./archive\567.jpg,,,,,,,,,,,,,,
./archive\568.jpg,,,,,,,,,,,,,,
./archive\569.jpg,,,,,,,,,,,,,,
./archive\570.jpg,,,,,,,,,,,,,,
./archive\571.jpg,,,,,,,,,,,,,,
./archive\572.jpg,,,,,,,,,,,,,,
./archive\573.jpg,,,,,,,,,,,,,,
./archive\574.jpg,,,,,,,,,,,,,,
./archive\575.jpg,,,,,,,,,,,,,,
./archive\576.jpg,,,,,,,,,,,,,,
./archive\577.jpg,,,,,,,,,,,,,,
./archive\578.jpg,,,,,,,,,,,,,,
./archive\579.jpg,,,,,,,,,,,,,,
./archive\580.jpg,,,,,,,,,,,,,,
./archive\581.jpg,,,,,,,,,,,,,,
./archive\582.jpg,,,,,,,,,,,,,,
./archive\583.jpg,,,,,,,,,,,,,,
./archive\584.jpg,,,,,,,,,,,,,,
./archive\585.jpg,,,,,,,,,,,,,,
./archive\586.jpg,,,,,,,,,,,,,,
./archive\587.jpg,,,,,,,,,,,,,,
./archive\588.jpg,,,,,,,,,,,,,,
./archive\589.jpg,,,,,,,,,,,,,,
./archive\590.jpg,,,,,,,,,,,,,,
./archive\591.jpg,,,,,,,,,,,,,,
./archive\592.jpg,,,,,,,,,,,,,,
./archive\593.jpg,,,,,,,,,,,,,,
./archive\594.jpg,,,,,,,,,,,,,,
./archive\595.jpg,,,,,,,,,,,,,,
./archive\596.jpg,,,,,,,,,,,,,,
./archive\597.jpg,,,,,,,,,,,,,,
./archive\598.jpg,,,,,,,,,,,,,,
./archive\599.jpg,,,,,,,,,,,,,,
./archive\600.jpg,,,,,,,,,,,,,,
./archive\601.jpg,,,,,,,,,,,,,,
./archive\602.jpg,,,,,,,,,,,,,,
./archive\603.jpg,,,,,,,,,,,,,,
./archive\604.jpg,,,,,,,,,,,,,,
./archive\605.jpg,,,,,,,,,,,,,,
./archive\606.jpg,,,,,,,,,,,,,,
./archive\607.jpg,,,,,,,,,,,,,,
./archive\608.jpg,,,,,,,,,,,,,,
./archive\609.jpg,,,,,,,,,,,,,,
./archive\610.jpg,,,,,,,,,,,,,,
./archive\611.jpg,,,,,,,,,,,,,,
./archive\612.jpg,,,,,,,,,,,,,,
./archive\613.jpg,,,,,,,,,,,,,,
./archive\614.jpg,,,,,,,,,,,,,,
./archive\615.jpg,,,,,,,,,,,,,,
./archive\616.jpg,,,,,,,,,,,,,,
./archive\617.jpg,,,,,,,,,,,,,,
./archive\618.jpg,,,,,,,,,,,,,,
./archive\619.jpg,,,,,,,,,,,,,,
./archive\620.jpg,,,,,,,,,,,,,,
./archive\621.jpg,,,,,,,,,,,,,,
./archive\622.jpg,,,,,,,,,,,,,,
./archive\623.jpg,,,,,,,,,,,,,,
./archive\624.jpg,,,,,,,,,,,,,,
./archive\625.jpg,,,,,,,,,,,,,,
./archive\626.jpg,,,,,,,,,,,,,,
./archive\627.jpg,,,,,,,,,,,,,,
./archive\628.jpg,,,,,,,,,,,,,,
./archive\629.jpg,,,,,,,,,,,,,,
./archive\630.jpg,,,,,,,,,,,,,,
./archive\631.jpg,,,,,,,,,,,,,,
./archive\632.jpg,,,,,,,,,,,,,,
./archive\633.jpg,,,,,,,,,,,,,,
./archive\634.jpg,,,,,,,,,,,,,,
./archive\635.jpg,,,,,,,,,,,,,,
./archive\636.jpg,,,,,,,,,,,,,,
./archive\637.jpg,,,,,,,,,,,,,,
./archive\638.jpg,,,,,,,,,,,,,,
./archive\639.jpg,,,,,,,,,,,,,,
./archive\640.jpg,,,,,,,,,,,,,,
./archive\641.jpg,,,,,,,,,,,,,,
./archive\642.jpg,,,,,,,,,,,,,,
./archive\643.jpg,,,,,,,,,,,,,,
./archive\644.jpg,,,,,,,,,,,,,,
./archive\645.jpg,,,,,,,,,,,,,,
./archive\646.jpg,,,,,,,,,,,,,,
./archive\647.jpg,,,,,,,,,,,,,,
./archive\648.jpg,,,,,,,,,,,,,,
./archive\649.jpg,,,,,,,,,,,,,,
./archive\650.jpg,,,,,,,,,,,,,,
./archive\651.jpg,,,,,,,,,,,,,,
./archive\652.jpg,,,,,,,,,,,,,,
./archive\653.jpg,,,,,,,,,,,,,,
./archive\654.jpg,,,,,,,,,,,,,,
./archive\655.jpg,,,,,,,,,,,,,,
./archive\656.jpg,,,,,,,,,,,,,,
./archive\657.jpg,,,,,,,,,,,,,,
./archive\658.jpg,,,,,,,,,,,,,,
./archive\659.jpg,,,,,,,,,,,,,,
./archive\660.jpg,,,,,,,,,,,,,,
./archive\661.jpg,,,,,,,,,,,,,,
./archive\662.jpg,,,,,,,,,,,,,,
./archive\663.jpg,,,,,,,,,,,,,,
./archive\664.jpg,,,,,,,,,,,,,,
./archive\665.jpg,,,,,,,,,,,,,,
./archive\666.jpg,,,,,,,,,,,,,,
./archive\667.jpg,,,,,,,,,,,,,,
./archive\668.jpg,,,,,,,,,,,,,,
./archive\669.jpg,,,,,,,,,,,,,,
./archive\670.jpg,,,,,,,,,,,,,,
./archive\671.jpg,,,,,,,,,,,,,,
./archive\672.jpg,,,,,,,,,,,,,,
./archive\673.jpg,,,,,,,,,,,,,,
./archive\674.jpg,,,,,,,,,,,,,,
./archive\675.jpg,,,,,,,,,,,,,,
./archive\676.jpg,,,,,,,,,,,,,,
./archive\677.jpg,,,,,,,,,,,,,,
./archive\678.jpg,,,,,,,,,,,,,,
./archive\679.jpg,,,,,,,,,,,,,,
./archive\680.jpg,,,,,,,,,,,,,,
./archive\681.jpg,,,,,,,,,,,,,,
./archive\682.jpg,,,,,,,,,,,,,,
./archive\683.jpg,,,,,,,,,,,,,,
./archive\684.jpg,,,,,,,,,,,,,,
./archive\685.jpg,,,,,,,,,,,,,,
./archive\686.jpg,,,,,,,,,,,,,,
./archive\687.jpg,,,,,,,,,,,,,,
./archive\688.jpg,,,,,,,,,,,,,,
./archive\689.jpg,,,,,,,,,,,,,,
./archive\690.jpg,,,,,,,,,,,,,,
./archive\691.jpg,,,,,,,,,,,,,,
./archive\692.jpg,,,,,,,,,,,,,,
./archive\693.jpg,,,,,,,,,,,,,,
./archive\694.jpg,,,,,,,,,,,,,,
./archive\695.jpg,,,,,,,,,,,,,,
./archive\696.jpg,,,,,,,,,,,,,,
./archive\697.jpg,,,,,,,,,,,,,,
./archive\698.jpg,,,,,,,,,,,,,,
./archive\699.jpg,,,,,,,,,,,,,,
./archive\700.jpg,,,,,,,,,,,,,,
./archive\701.jpg,,,,,,,,,,,,,,
./archive\702.jpg,,,,,,,,,,,,,,
./archive\703.jpg,,,,,,,,,,,,,,
./archive\704.jpg,,,,,,,,,,,,,,
./archive\705.jpg,,,,,,,,,,,,,,
./archive\706.jpg,,,,,,,,,,,,,,
./archive\707.jpg,,,,,,,,,,,,,,
./archive\708.jpg,,,,,,,,,,,,,,
./archive\709.jpg,,,,,,,,,,,,,,
./archive\710.jpg,,,,,,,,,,,,,,
./archive\711.jpg,,,,,,,,,,,,,,
./archive\712.jpg,,,,,,,,,,,,,,
./archive\713.jpg,,,,,,,,,,,,,,
./archive\714.jpg,,,,,,,,,,,,,,
./archive\715.jpg,,,,,,,,,,,,,,
./archive\716.jpg,,,,,,,,,,,,,,
./archive\717.jpg,,,,,,,,,,,,,,
./archive\718.jpg,,,,,,,,,,,,,,
./archive\719.jpg,,,,,,,,,,,,,,
./archive\720.jpg,,,,,,,,,,,,,,
./archive\721.jpg,,,,,,,,,,,,,,
./archive\722.jpg,,,,,,,,,,,,,,
./archive\723.jpg,,,,,,,,,,,,,,
./archive\724.jpg,,,,,,,,,,,,,,
./archive\725.jpg,,,,,,,,,,,,,,
./archive\726.jpg,,,,,,,,,,,,,,
./archive\727.jpg,,,,,,,,,,,,,,
./archive\728.jpg,,,,,,,,,,,,,,
./archive\729.jpg,,,,,,,,,,,,,,
./archive\730.jpg,,,,,,,,,,,,,,
./archive\731.jpg,,,,,,,,,,,,,,
./archive\732.jpg,,,,,,,,,,,,,,
./archive\733.jpg,,,,,,,,,,,,,,
./archive\734.jpg,,,,,,,,,,,,,,
./archive\735.jpg,,,,,,,,,,,,,,
./archive\736.jpg,,,,,,,,,,,,,,
./archive\737.jpg,,,,,,,,,,,,,,
./archive\738.jpg,,,,,,,,,,,,,,
./archive\739.jpg,,,,,,,,,,,,,,
./archive\740.jpg,,,,,,,,,,,,,,
./archive\741.jpg,,,,,,,,,,,,,,
./archive\742.jpg,,,,,,,,,,,,,,
./archive\743.jpg,,,,,,,,,,,,,,
./archive\744.jpg,,,,,,,,,,,,,,
./archive\745.jpg,,,,,,,,,,,,,,
./archive\746.jpg,,,,,,,,,,,,,,
./archive\747.jpg,,,,,,,,,,,,,,
./archive\748.jpg,,,,,,,,,,,,,,
./archive\749.jpg,,,,,,,,,,,,,,
./archive\750.jpg,,,,,,,,,,,,,,
./archive\751.jpg,,,,,,,,,,,,,,
./archive\752.jpg,,,,,,,,,,,,,,
./archive\753.jpg,,,,,,,,,,,,,,
./archive\754.jpg,,,,,,,,,,,,,,
./archive\755.jpg,,,,,,,,,,,,,,
./archive\756.jpg,,,,,,,,,,,,,,
./archive\757.jpg,,,,,,,,,,,,,,
./archive\758.jpg,,,,,,,,,,,,,,
./archive\759.jpg,,,,,,,,,,,,,,
./archive\760.jpg,,,,,,,,,,,,,,
./archive\761.jpg,,,,,,,,,,,,,,
./archive\762.jpg,,,,,,,,,,,,,,
./archive\763.jpg,,,,,,,,,,,,,,
./archive\764.jpg,,,,,,,,,,,,,,
./archive\765.jpg,,,,,,,,,,,,,,
./archive\766.jpg,,,,,,,,,,,,,,
./archive\767.jpg,,,,,,,,,,,,,,
./archive\768.jpg,,,,,,,,,,,,,,
./archive\769.jpg,,,,,,,,,,,,,,
./archive\770.jpg,,,,,,,,,,,,,,
./archive\771.jpg,,,,,,,,,,,,,,
./archive\772.jpg,,,,,,,,,,,,,,
./archive\773.jpg,,,,,,,,,,,,,,
./archive\774.jpg,,,,,,,,,,,,,,
./archive\775.jpg,,,,,,,,,,,,,,
./archive\776.jpg,,,,,,,,,,,,,,
./archive\777.jpg,,,,,,,,,,,,,,
./archive\778.jpg,,,,,,,,,,,,,,
./archive\779.jpg,,,,,,,,,,,,,,
./archive\780.jpg,,,,,,,,,,,,,,
./archive\781.jpg,,,,,,,,,,,,,,
./archive\782.jpg,,,,,,,,,,,,,,
./archive\783.jpg,,,,,,,,,,,,,,
./archive\784.jpg,,,,,,,,,,,,,,
./archive\785.jpg,,,,,,,,,,,,,,
./archive\786.jpg,,,,,,,,,,,,,,
./archive\787.jpg,,,,,,,,,,,,,,
./archive\788.jpg,,,,,,,,,,,,,,
./archive\789.jpg,,,,,,,,,,,,,,
./archive\790.jpg,,,,,,,,,,,,,,
./archive\791.jpg,,,,,,,,,,,,,,
./archive\792.jpg,,,,,,,,,,,,,,
./archive\793.jpg,,,,,,,,,,,,,,
./archive\794.jpg,,,,,,,,,,,,,,
./archive\795.jpg,,,,,,,,,,,,,,
./archive\796.jpg,,,,,,,,,,,,,,
./archive\797.jpg,,,,,,,,,,,,,,
./archive\798.jpg,,,,,,,,,,,,,,
./archive\799.jpg,,,,,,,,,,,,,,
./archive\800.jpg,,,,,,,,,,,,,,
./archive\801.jpg,,,,,,,,,,,,,,
./archive\802.jpg,,,,,,,,,,,,,,
./archive\803.jpg,,,,,,,,,,,,,,
./archive\804.jpg,,,,,,,,,,,,,,
./archive\805.jpg,,,,,,,,,,,,,,
./archive\806.jpg,,,,,,,,,,,,,,
./archive\807.jpg,,,,,,,,,,,,,,
./archive\808.jpg,,,,,,,,,,,,,,
./archive\809.jpg,,,,,,,,,,,,,,
./archive\810.jpg,,,,,,,,,,,,,,
./archive\811.jpg,,,,,,,,,,,,,,
./archive\812.jpg,,,,,,,,,,,,,,
./archive\813.jpg,,,,,,,,,,,,,,
./archive\814.jpg,,,,,,,,,,,,,,
./archive\815.jpg,,,,,,,,,,,,,,
./archive\816.jpg,,,,,,,,,,,,,,
./archive\817.jpg,,,,,,,,,,,,,,
./archive\818.jpg,,,,,,,,,,,,,,
./archive\819.jpg,,,,,,,,,,,,,,
./archive\820.jpg,,,,,,,,,,,,,,
./archive\821.jpg,,,,,,,,,,,,,,
./archive\822.jpg,,,,,,,,,,,,,,
./archive\823.jpg,,,,,,,,,,,,,,
./archive\824.jpg,,,,,,,,,,,,,,
./archive\825.jpg,,,,,,,,,,,,,,
./archive\826.jpg,,,,,,,,,,,,,,
./archive\827.jpg,,,,,,,,,,,,,,
./archive\828.jpg,,,,,,,,,,,,,,
./archive\829.jpg,,,,,,,,,,,,,,
./archive\830.jpg,,,,,,,,,,,,,,
./archive\831.jpg,,,,,,,,,,,,,,
./archive\832.jpg,,,,,,,,,,,,,,
./archive\833.jpg,,,,,,,,,,,,,,
./archive\834.jpg,,,,,,,,,,,,,,
./archive\835.jpg,,,,,,,,,,,,,,
./archive\836.jpg,,,,,,,,,,,,,,
./archive\837.jpg,,,,,,,,,,,,,,
./archive\838.jpg,,,,,,,,,,,,,,
./archive\839.jpg,,,,,,,,,,,,,,
./archive\840.jpg,,,,,,,,,,,,,,
./archive\841.jpg,,,,,,,,,,,,,,
./archive\842.jpg,,,,,,,,,,,,,,
./archive\843.jpg,,,,,,,,,,,,,,
./archive\844.jpg,,,,,,,,,,,,,,
./archive\845.jpg,,,,,,,,,,,,,,
./archive\846.jpg,,,,,,,,,,,,,,
./archive\847.jpg,,,,,,,,,,,,,,
./archive\848.jpg,,,,,,,,,,,,,,
./archive\849.jpg,,,,,,,,,,,,,,
./archive\850.jpg,,,,,,,,,,,,,,
./archive\851.jpg,,,,,,,,,,,,,,
./archive\852.jpg,,,,,,,,,,,,,,
./archive\853.jpg,,,,,,,,,,,,,,
./archive\854.jpg,,,,,,,,,,,,,,
./archive\855.jpg,,,,,,,,,,,,,,
./archive\856.jpg,,,,,,,,,,,,,,
./archive\857.jpg,,,,,,,,,,,,,,
./archive\858.jpg,,,,,,,,,,,,,,
./archive\859.jpg,,,,,,,,,,,,,,
./archive\860.jpg,,,,,,,,,,,,,,
./archive\861.jpg,,,,,,,,,,,,,,
./archive\862.jpg,,,,,,,,,,,,,,
./archive\863.jpg,,,,,,,,,,,,,,
./archive\864.jpg,,,,,,,,,,,,,,
./archive\865.jpg,,,,,,,,,,,,,,
./archive\866.jpg,,,,,,,,,,,,,,
./archive\867.jpg,,,,,,,,,,,,,,
./archive\868.jpg,,,,,,,,,,,,,,
./archive\869.jpg,,,,,,,,,,,,,,
./archive\870.jpg,,,,,,,,,,,,,,
./archive\871.jpg,,,,,,,,,,,,,,
./archive\872.jpg,,,,,,,,,,,,,,
./archive\873.jpg,,,,,,,,,,,,,,
./archive\874.jpg,,,,,,,,,,,,,,
./archive\875.jpg,,,,,,,,,,,,,,
./archive\876.jpg,,,,,,,,,,,,,,
./archive\877.jpg,,,,,,,,,,,,,,
./archive\878.jpg,,,,,,,,,,,,,,
./archive\879.jpg,,,,,,,,,,,,,,
./archive\880.jpg,,,,,,,,,,,,,,
./archive\881.jpg,,,,,,,,,,,,,,
./archive\882.jpg,,,,,,,,,,,,,,
./archive\883.jpg,,,,,,,,,,,,,,
./archive\884.jpg,,,,,,,,,,,,,,
./archive\885.jpg,,,,,,,,,,,,,,
./archive\886.jpg,,,,,,,,,,,,,,
./archive\887.jpg,,,,,,,,,,,,,,
./archive\888.jpg,,,,,,,,,,,,,,
./archive\889.jpg,,,,,,,,,,,,,,
./archive\890.jpg,,,,,,,,,,,,,,
./archive\891.jpg,,,,,,,,,,,,,,
./archive\892.jpg,,,,,,,,,,,,,,
./archive\893.jpg,,,,,,,,,,,,,,
./archive\894.jpg,,,,,,,,,,,,,,
./archive\895.jpg,,,,,,,,,,,,,,
./archive\896.jpg,,,,,,,,,,,,,,
./archive\897.jpg,,,,,,,,,,,,,,
./archive\898.jpg,,,,,,,,,,,,,,
./archive\899.jpg,,,,,,,,,,,,,,
./archive\900.jpg,,,,,,,,,,,,,,
./archive\901.jpg,,,,,,,,,,,,,,
./archive\902.jpg,,,,,,,,,,,,,,
./archive\903.jpg,,,,,,,,,,,,,,
./archive\904.jpg,,,,,,,,,,,,,,
./archive\905.jpg,,,,,,,,,,,,,,
./archive\906.jpg,,,,,,,,,,,,,,
./archive\907.jpg,,,,,,,,,,,,,,
./archive\908.jpg,,,,,,,,,,,,,,
./archive\909.jpg,,,,,,,,,,,,,,
./archive\910.jpg,,,,,,,,,,,,,,
./archive\911.jpg,,,,,,,,,,,,,,
./archive\912.jpg,,,,,,,,,,,,,,
./archive\913.jpg,,,,,,,,,,,,,,
./archive\914.jpg,,,,,,,,,,,,,,
./archive\915.jpg,,,,,,,,,,,,,,
./archive\916.jpg,,,,,,,,,,,,,,
./archive\917.jpg,,,,,,,,,,,,,,
./archive\918.jpg,,,,,,,,,,,,,,
./archive\919.jpg,,,,,,,,,,,,,,
./archive\920.jpg,,,,,,,,,,,,,,
./archive\921.jpg,,,,,,,,,,,,,,
./archive\922.jpg,,,,,,,,,,,,,,
./archive\923.jpg,,,,,,,,,,,,,,
./archive\924.jpg,,,,,,,,,,,,,,
./archive\925.jpg,,,,,,,,,,,,,,
./archive\926.jpg,,,,,,,,,,,,,,
./archive\927.jpg,,,,,,,,,,,,,,
./archive\928.jpg,,,,,,,,,,,,,,
./archive\929.jpg,,,,,,,,,,,,,,
./archive\930.jpg,,,,,,,,,,,,,,
./archive\931.jpg,,,,,,,,,,,,,,
./archive\932.jpg,,,,,,,,,,,,,,
./archive\933.jpg,,,,,,,,,,,,,,
./archive\934.jpg,,,,,,,,,,,,,,
./archive\935.jpg,,,,,,,,,,,,,,
./archive\936.jpg,,,,,,,,,,,,,,
./archive\937.jpg,,,,,,,,,,,,,,
./archive\938.jpg,,,,,,,,,,,,,,
./archive\939.jpg,,,,,,,,,,,,,,
./archive\940.jpg,,,,,,,,,,,,,,
./archive\941.jpg,,,,,,,,,,,,,,
./archive\942.jpg,,,,,,,,,,,,,,
./archive\943.jpg,,,,,,,,,,,,,,
./archive\944.jpg,,,,,,,,,,,,,,
./archive\945.jpg,,,,,,,,,,,,,,
./archive\946.jpg,,,,,,,,,,,,,,
./archive\947.jpg,,,,,,,,,,,,,,
./archive\948.jpg,,,,,,,,,,,,,,
./archive\949.jpg,,,,,,,,,,,,,,
./archive\950.jpg,,,,,,,,,,,,,,
./archive\951.jpg,,,,,,,,,,,,,,
./archive\952.jpg,,,,,,,,,,,,,,
./archive\953.jpg,,,,,,,,,,,,,,
./archive\954.jpg,,,,,,,,,,,,,,
./archive\955.jpg,,,,,,,,,,,,,,
./archive\956.jpg,,,,,,,,,,,,,,
./archive\957.jpg,,,,,,,,,,,,,,
./archive\958.jpg,,,,,,,,,,,,,,
./archive\959.jpg,,,,,,,,,,,,,,
./archive\960.jpg,,,,,,,,,,,,,,
./archive\961.jpg,,,,,,,,,,,,,,
./archive\962.jpg,,,,,,,,,,,,,,
./archive\963.jpg,,,,,,,,,,,,,,
./archive\964.jpg,,,,,,,,,,,,,,
./archive\965.jpg,,,,,,,,,,,,,,
./archive\966.jpg,,,,,,,,,,,,,,
./archive\967.jpg,,,,,,,,,,,,,,
./archive\968.jpg,,,,,,,,,,,,,,
./archive\969.jpg,,,,,,,,,,,,,,
./archive\970.jpg,,,,,,,,,,,,,,
./archive\971.jpg,,,,,,,,,,,,,,
./archive\972.jpg,,,,,,,,,,,,,,
./archive\973.jpg,,,,,,,,,,,,,,
./archive\974.jpg,,,,,,,,,,,,,,
./archive\975.jpg,,,,,,,,,,,,,,
./archive\976.jpg,,,,,,,,,,,,,,
./archive\977.jpg,,,,,,,,,,,,,,
./archive\978.jpg,,,,,,,,,,,,,,
./archive\979.jpg,,,,,,,,,,,,,,
./archive\980.jpg,,,,,,,,,,,,,,
./archive\981.jpg,,,,,,,,,,,,,,
./archive\982.jpg,,,,,,,,,,,,,,
./archive\983.jpg,,,,,,,,,,,,,,
./archive\984.jpg,,,,,,,,,,,,,,
./archive\985.jpg,,,,,,,,,,,,,,
./archive\986.jpg,,,,,,,,,,,,,,
./archive\987.jpg,,,,,,,,,,,,,,
./archive\988.jpg,,,,,,,,,,,,,,
./archive\989.jpg,,,,,,,,,,,,,,
./archive\990.jpg,,,,,,,,,,,,,,
./archive\991.jpg,,,,,,,,,,,,,,
./archive\992.jpg,,,,,,,,,,,,,,
./archive\993.jpg,,,,,,,,,,,,,,
./archive\994.jpg,,,,,,,,,,,,,,
./archive\995.jpg,,,,,,,,,,,,,,
./archive\996.jpg,,,,,,,,,,,,,,
./archive\997.jpg,,,,,,,,,,,,,,
./archive\998.jpg,,,,,,,,,,,,,,
./archive\999.jpg,,,,,,,,,,,,,,
./archive\1000.jpg,,,,,,,,,,,,,,
